url,used_for
https://www.youtube.com/watch?v=1be8NSAt-XA,valid
https://www.youtube.com/watch?v=qPrIsz2X144&t=251s,valid
https://www.youtube.com/watch?v=NbVG8lYEsNs,valid
https://www.youtube.com/watch?v=Zd6Qvu18p_s,valid
https://www.youtube.com/watch?v=lgJeyqjjhzE,valid
https://www.youtube.com/watch?v=0juQbMrJggY,train
https://www.youtube.com/watch?v=5hWDbSx_kdo,train
https://www.youtube.com/watch?v=7m9JPc7ulzQ,train
https://www.youtube.com/watch?v=86wBjwgDLZM,train
https://www.youtube.com/watch?v=37qPEWQMQa4&t=89s,train
https://www.youtube.com/watch?v=A18zyePCT_0,train
https://www.youtube.com/watch?v=DOtGK0odCYg,train
https://www.youtube.com/watch?v=Emf7hYjlwnw,train
https://www.youtube.com/watch?v=FGTcXAgzxWw,train
https://www.youtube.com/watch?v=Fgl7w0_9lLU,train
https://www.youtube.com/watch?v=GecbKhsoxtg,train
https://www.youtube.com/watch?v=Hjx3uAcEduE,train
https://www.youtube.com/watch?v=I2oCE1tfl3c,train
https://www.youtube.com/watch?v=I4-TPjyRpPs,train
https://www.youtube.com/watch?v=J0E-RI-OGCI,train
https://www.youtube.com/watch?v=cCTZsNfxmss&list=PLypiJrod4DejSO1_LWLpuRQzAQXN5LuC-,train
https://www.youtube.com/watch?v=Rh2EDmdm_RY,train
https://www.youtube.com/watch?v=SW_mD275Nac,train
https://www.youtube.com/watch?v=TDijJjKHMVQ,train
https://www.youtube.com/watch?v=VinL5cxTCDs,train
https://www.youtube.com/watch?v=Vo1TwayGyXs,train
https://www.youtube.com/watch?v=WQHypB48x3I,train
https://www.youtube.com/watch?v=bSOGSDGmNt4,train
https://www.youtube.com/watch?v=crFjZlWWZo0,train
https://www.youtube.com/watch?v=d27kRgIvvTs,train
https://www.youtube.com/watch?v=fOCb8Sb4joM,train
https://www.youtube.com/watch?v=hrQclfxmRsE,train
https://www.youtube.com/watch?v=izulLhOs804,train
https://www.youtube.com/watch?v=kiqYapgu69g,train
https://www.youtube.com/watch?v=lSN318WaJzA,train
https://www.youtube.com/watch?v=nAyAEoKeWZE,train
https://www.youtube.com/watch?v=pSGVb60-BSw,train
https://www.youtube.com/watch?v=rvBaocGjDM0,train
https://www.youtube.com/watch?v=xiKYD9TSDhk,train